-- id, isim ve irtibat fieldlarinin oldugu bir tedarik tablosu olusturun.
-- id field'ini Primary Key yapin.
CREATE TABLE tedarik
(
id INT PRIMARY KEY,
isim VARCHAR(10),
irtibat VARCHAR(15)
);
-- tedarikci_id , urun_id , urun_isim , musteri_isim  fieldlari olan urun 
-- tablosu olusturun. Bu tablodaki tedarikci_id fieldini tedarik tablosunun
-- PK 'si ile Foreign Key yapin.

CREATE TABLE urun
(
tedarikci_id INT,
urun_id INT,
urun_isim VARCHAR(10),
musteri_isim VARCHAR(15),
CONSTRAINT urun_fk FOREIGN KEY (tedarikci_id)
REFERENCES tedarik (id)
);
drop table urun;
INSERT INTO tedarik VALUES(100, 'IBM', 'Ali Can'); 
INSERT INTO tedarik VALUES(101, 'APPLE', 'Merve Temiz'); 
INSERT INTO tedarik VALUES(102, 'SAMSUNG', 'Kemal Can'); 
INSERT INTO tedarik VALUES(103, 'LG', 'Ali Can');

INSERT INTO urun VALUES(100, 1001,'Laptop', 'Suleyman'); 
INSERT INTO urun VALUES(101, 1002,'iPad', 'Fatma'); 
INSERT INTO urun VALUES(102, 1003,'TV', 'Ramazan'); 
INSERT INTO urun VALUES(103, 1004,'Phone', 'Ali Can');
drop table tedarik;

SELECT * FROM tedarik;
SELECT * FROM urun;
use sys;
-- 'LG' firmasinda calisan 'Ali Can'in ismini 'Veli Can' 
-- olarak degistiriniz.

UPDATE tedarik
SET irtibat = 'Veli Can'
WHERE isim = 'LG';

/* a) Urun tablosundan Ali Can'in aldigi urunun ismini, 
tedarik tablosunda irtibat Merve Temiz olan 
sirketin ismi ile degistirin. */

-- Ali Can'in aldigi urunun ismini Apple olarak degistirin

UPDATE urun
SET urun_isim = 'apple'
WHERE musteri_isim = 'Ali Can';

-- Irtibat'i Merve Temiz olan kaydin sirket ismini getirin

SELECT isim
FROM tedarik
WHERE irtibat = 'Merve Temiz';

-- a sorusunun cozumu : 

UPDATE urun
SET urun_isim = (SELECT isim
				FROM tedarik
				WHERE irtibat = 'Merve Temiz')
WHERE musteri_isim = 'Ali Can';

/*-------------------------------------------------------------------------
b) TV satin alan musterinin ismini, 
IBM'in irtibat'i ile degistirin.
-------------------------------------------------------------------------*/
UPDATE urun
SET musteri_isim = (SELECT irtibat
					FROM tedarik
                    WHERE isim = 'IBM')
                    WHERE urun_isim = 'TV';
select * from urun,tedarik;

/*-------------------------------------------------------------------------
c) urun id'si 1001 olan urun ismini, 
id'si 102 olan sirketin ismi ile degistirin.
-------------------------------------------------------------------------*/

UPDATE urun
SET urun_isim = (SELECT isim
				FROM tedarik
                WHERE id=102)
WHERE urun_id=1001;

-- +++++++++++++++++++++++++++++++++++++++++++++++++++++++++++++++++++++++++++
/*-------------------------------------------------------------------------
1) Cocuklar tablosu olusturun.
 Icinde id,isim,veli_isim ve grade field'lari olsun. 
 Id field'i Primary Key olsun.
 --------------------------------------------------------------------------*/
CREATE TABLE cocuklar(
id INT,
isim VARCHAR(20),
veli_isim VARCHAR(10),
grade DOUBLE,
CONSTRAINT id_pk PRIMARY KEY (id)
);
/*-------------------------------------------------------------------------
 2)  Kayitlari tabloya ekleyin.
 (123, 'Ali Can', 'Hasan',75), 
 (124, 'Merve Gul', 'Ayse',85), 
 (125, 'Kemal Yasa', 'Hasan',85),
 (126, 'Rumeysa Aydin', 'Zeynep',85);
 (127, 'Oguz Karaca', 'Tuncay',85);
 (128, 'Resul Can', 'Tugay',85);
 (129, 'Tugay Kala', 'Osman',45);
 --------------------------------------------------------------------------*/
INSERT INTO cocuklar VALUES(123, 'Ali Can', 'Hasan',75);
INSERT INTO cocuklar VALUES(124, 'Merve Gul', 'Ayse',85);
INSERT INTO cocuklar VALUES(125, 'Kemal Yasa', 'Hasan',85);
INSERT INTO cocuklar VALUES(126, 'Rumeysa Aydin', 'Zeynep',85);
INSERT INTO cocuklar VALUES(127, 'Oguz Karaca', 'Tuncay',85);
INSERT INTO cocuklar VALUES(128, 'Resul Can', 'Tugay',85);
INSERT INTO cocuklar VALUES(129, 'Tugay Kala', 'Osman',45);
/*-------------------------------------------------------------------------
3)puanlar tablosu olusturun. 
ogrenci_id, ders_adi, yazili_notu field'lari olsun, 
ogrenci_id field'i Foreign Key olsun 
--------------------------------------------------------------------------*/
CREATE TABLE puanlar(
ogrenci_id INT,
ders_adi VARCHAR(10),
yazili_notu DOUBLE,
CONSTRAINT puanlar_fk 
FOREIGN KEY (ogrenci_id) 
REFERENCES cocuklar (id)
);
/*-------------------------------------------------------------------------
4) puanlar tablosuna kayitlari ekleyin
 ('123','kimya',75), 
 ('124','fizik',65),
 ('125','tarih',90),
 ('126','kimya',87),
 ('127','tarih',69),
 ('128','kimya',93),
 ('129','fizik',25)
--------------------------------------------------------------------------*/
INSERT INTO puanlar VALUES ('123','kimya',75); 
INSERT INTO puanlar VALUES ('124','fizik',65); 
INSERT INTO puanlar VALUES ('125','tarih',90); 
INSERT INTO puanlar VALUES ('126','kimya',87); 
INSERT INTO puanlar VALUES ('127','tarih',69); 
INSERT INTO puanlar VALUES ('128','kimya',93); 
INSERT INTO puanlar VALUES ('129','fizik',25); 
SELECT * FROM cocuklar;
SELECT * FROM puanlar;
/*-------------------------------------------------------------------------
1) Tum cocuklarin gradelerini puanlar tablosundaki yazili_notu ile update edin. 
--------------------------------------------------------------------------*/
update cocuklar
set grade=(select yazili_notu
           from puanlar
           where cocuklar.id=puanlar.ogrenci_id);
           
           

/*-------------------------------------------------------------------------
2) Ismi Kemal Yasa olan ogrencinin grade'ini puanlar tablosundaki 
ogrenci id'si 128 olan yazili notu ile update edin. 
--------------------------------------------------------------------------*/
update cocuklar
set grade =(select yazili_notu
            from puanlar
            where ogrenci_id=128)
where isim ='Kemal Yasa';
/*------------------------------------------------------------------------
Mart_satislar isimli bir tablo olusturun, 
icinde urun_id, musteri_isim, urun_isim ve urun_fiyat field'lari olsun
1) Ismi hatice olan musterinin urun_id'sini 30,urun_isim'ini Ford yapin 
2) Toyota marka araclara %10 indirim yapin 
3) Ismi Ali olanlarin urun_fiyatlarini %15 artirin 
4) Honda araclarin urun id'sini 50 yapin.
--------------------------------------------------------------------------*/
CREATE TABLE mart_satislar 
(
 urun_id int,
 musteri_isim varchar(20),
 urun_isim varchar(10),
 urun_fiyat int 
);
INSERT INTO mart_satislar VALUES (10, 'Ali', 'Honda',75000); 
INSERT INTO mart_satislar VALUES (10, 'Ayse', 'Honda',95200); 
INSERT INTO mart_satislar VALUES (20, 'Hasan', 'Toyota',107500); 
INSERT INTO mart_satislar VALUES (30, 'Mehmet', 'Ford', 112500); 
INSERT INTO mart_satislar VALUES (20, 'Ali', 'Toyota',88000); 
INSERT INTO mart_satislar VALUES (10, 'Hasan', 'Honda',150000); 
INSERT INTO mart_satislar VALUES (40, 'Ayse', 'Hyundai',140000); 
INSERT INTO mart_satislar VALUES (20, 'Hatice', 'Toyota',60000);
SELECT * FROM mart_satislar;
-- 1) Ismi hatice olan musterinin urun_id'sini 30,urun_isim'ini Ford yapin
update mart_satislar
set urun_isim=30,musteri_isim='ford'
where musteri_isim='Hatice';

-- 3) Toyota marka araclara %10 indirim yapin
update mart_satislar
set urun_fiyat=urun_fiyat*0.9
where urun_isim='Toyota';

-- 3) Ismi A ile baslayan butun musterilerin urun_fiyatlarini %15 artirin 
update mart_satislar
set urun_fiyat=urun_fiyat*115
where musteri_isim like 'A%';














